Model,MAE,RMSE,R²
Random Forest,0.0004224880374191515,0.0005755045568764908,0.9999959293961448
Gradient Boosting,0.0005080348534074891,0.0006701154527287827,0.9999944809977429
XGBoost,0.0013295293452025173,0.0016743097222244633,0.9999655465351119
Deep Learning,0.08216977995963398,0.1068005059821731,0.8598129404140558
