Model,MAE,RMSE,R²
Random Forest,5.5968413288085175e-05,7.349534575977482e-05,0.9999999341748295
Gradient Boosting,0.00038792767623617295,0.0005131375979305346,0.9999967912196301
XGBoost,0.0010076945010767371,0.0011833426933168596,0.9999829355071617
Deep Learning,0.01297729958260968,0.018189952132350716,0.9959678615973074
